{
  "blendshapes": {
    "_neutral": 3.4151130421378184e-06,
    "browDownLeft": 0.08621085435152054,
    "browDownRight": 0.07688702642917633,
    "browInnerUp": 0.00958010833710432,
    "browOuterUpLeft": 0.04424474015831947,
    "browOuterUpRight": 0.03175998479127884,
    "cheekPuff": 4.639032340492122e-06,
    "cheekSquintLeft": 1.231383919275686e-07,
    "cheekSquintRight": 3.0119727512101235e-07,
    "eyeBlinkLeft": 0.122219517827034,
    "eyeBlinkRight": 0.1301032453775406,
    "eyeLookDownLeft": 0.31069427728652954,
    "eyeLookDownRight": 0.28956013917922974,
    "eyeLookInLeft": 0.05208342894911766,
    "eyeLookInRight": 0.05780316889286041,
    "eyeLookOutLeft": 0.06737715750932693,
    "eyeLookOutRight": 0.06189918518066406,
    "eyeLookUpLeft": 0.03310374170541763,
    "eyeLookUpRight": 0.028072243556380272,
    "eyeSquintLeft": 0.14831452071666718,
    "eyeSquintRight": 0.1653074473142624,
    "eyeWideLeft": 0.009302081540226936,
    "eyeWideRight": 0.006268452852964401,
    "jawForward": 5.311495442583691e-06,
    "jawLeft": 0.001523819868452847,
    "jawOpen": 0.002611585659906268,
    "jawRight": 1.1412927051424049e-05,
    "mouthClose": 0.0009423093870282173,
    "mouthDimpleLeft": 0.00663401884958148,
    "mouthDimpleRight": 0.0005340587231330574,
    "mouthFrownLeft": 0.00473767751827836,
    "mouthFrownRight": 0.011403127573430538,
    "mouthFunnel": 0.00014122376160230488,
    "mouthLeft": 0.004252966959029436,
    "mouthLowerDownLeft": 2.2439058739109896e-05,
    "mouthLowerDownRight": 1.6000396499293856e-05,
    "mouthPressLeft": 0.07115593552589417,
    "mouthPressRight": 0.025226078927516937,
    "mouthPucker": 0.0055666533298790455,
    "mouthRight": 0.0002020440879277885,
    "mouthRollLower": 0.015675770118832588,
    "mouthRollUpper": 0.003954004496335983,
    "mouthShrugLower": 0.600225567817688,
    "mouthShrugUpper": 0.10656996816396713,
    "mouthSmileLeft": 0.000923840154428035,
    "mouthSmileRight": 0.0005404497496783733,
    "mouthStretchLeft": 0.001322524854913354,
    "mouthStretchRight": 0.010400895960628986,
    "mouthUpperUpLeft": 0.002362270839512348,
    "mouthUpperUpRight": 0.0010884326184168458,
    "noseSneerLeft": 1.1441348988228128e-06,
    "noseSneerRight": 1.19661228836776e-06
  },
  "custom": {
    "mouthClosedScore": 0.9689435562877419,
    "mouthPuckerScore": 0.0,
    "noseSneerScore": 1.0
  },
  "raw": {
    "neutral_lip_width": 0.08148776570976504,
    "neutral_nostril_distance": 0.04828945787272412,
    "neutral_lip_distance": 0.0014259669374228666
  }
}